{"train/train_loss": 0.03514126630034298, "_timestamp": 1706170801.3111308, "_runtime": 16687.002292871475, "_step": 1456, "train/train_accuracy": 99.5762710571289, "val/val_loss": 0.5169454216957092, "val/val_accuracy": 79.3103448275862}