{"train/train_loss": 0.7821786999702454, "train/train_accuracy": 66.66667175292969, "_timestamp": 1705566415.6314678, "_runtime": 4991.652775764465, "_step": 399, "val/val_loss": 1.0388449430465698, "val/val_accuracy": 41.66666666666667}