{"train/train_loss": 0.039499539881944656, "train/train_accuracy": 98.33333587646484, "_timestamp": 1705559713.6524339, "_runtime": 2812.5164778232574, "_step": 399, "val/val_loss": 7.226796627044678, "val/val_accuracy": 41.66666666666667}